time,Width,Height,Center X,Center Y,PID X,PID Y,PID Depth
1731694491.8645916,6,2,305,317,15.0,-77.0,100
1731694491.900324,8,8,304,319,16.0,-79.0,90.0
1731694491.9231358,8,8,302,319,18.0,-79.0,90.0
1731694491.962196,10,9,301,318,19.0,-78.0,75.0
1731694491.9924986,12,11,300,318,20.0,-78.0,60.0
1731694492.0226038,12,11,300,318,20.0,-78.0,60.0
1731694492.061401,14,11,299,319,21.0,-79.0,45.0
1731694492.0930688,14,12,297,319,23.0,-79.0,45.0
1731694492.1249545,16,12,296,319,24.0,-79.0,30.0
1731694492.162371,14,12,295,320,25.0,-80.0,45.0
1731694492.1935556,14,13,295,318,25.0,-78.0,45.0
1731694492.2226348,14,14,295,317,25.0,-77.0,45.0
1731694492.2667174,16,15,294,314,26.0,-74.0,30.0
1731694492.2943327,18,16,293,312,27.0,-72.0,15.0
1731694492.3224056,16,16,294,311,26.0,-71.0,30.0
1731694492.3579054,18,16,291,309,29.0,-69.0,15.0
1731694492.4009383,18,17,291,307,29.0,-67.0,15.0
1731694492.4241748,19,17,290,304,30.0,-64.0,7.5
1731694492.4625223,19,18,289,302,31.0,-62.0,7.5
1731694492.4904544,18,17,289,299,31.0,-59.0,15.0
1731694492.5225039,18,16,289,297,31.0,-57.0,15.0
1731694492.5613775,18,17,289,294,31.0,-54.0,15.0
1731694492.5913427,18,17,288,292,32.0,-52.0,15.0
1731694492.6225,16,15,288,291,32.0,-51.0,30.0
1731694492.6621883,18,15,287,290,33.0,-50.0,15.0
1731694492.6932423,16,16,287,290,33.0,-50.0,30.0
1731694492.7231824,15,15,287,288,33.0,-48.0,37.5
1731694492.7592106,17,17,286,286,34.0,-46.0,22.5
1731694492.7907405,16,16,286,285,34.0,-45.0,30.0
1731694492.824241,10,10,287,283,33.0,-43.0,75.0
1731694492.8616734,8,7,288,281,32.0,-41.0,90.0
1731694492.890744,12,9,286,278,34.0,-38.0,60.0
1731694492.9259477,14,14,285,277,35.0,-37.0,45.0
1731694492.958929,16,16,286,275,34.0,-35.0,30.0
1731694492.9929497,12,13,286,275,34.0,-35.0,60.0
1731694493.0225263,8,5,286,275,34.0,-35.0,90.0
1731694493.0909634,12,11,286,270,34.0,-30.0,60.0
1731694493.1223958,10,10,285,270,35.0,-30.0,75.0
1731694493.160737,12,14,286,266,34.0,-26.0,60.0
1731694493.1900263,14,13,285,265,35.0,-25.0,45.0
1731694493.2226422,14,12,285,264,35.0,-24.0,45.0
1731694493.2580612,14,9,285,263,35.0,-23.0,45.0
1731694493.2921555,13,12,285,263,35.0,-23.0,52.5
1731694493.3261793,12,11,286,263,34.0,-23.0,60.0
1731694493.359645,12,11,286,262,34.0,-22.0,60.0
1731694493.3914251,10,11,285,261,35.0,-21.0,75.0
1731694493.426105,10,11,285,259,35.0,-19.0,75.0
1731694493.4620035,14,14,285,258,35.0,-18.0,45.0
1731694493.4906754,16,14,284,256,36.0,-16.0,30.0
1731694493.5217226,14,13,285,255,35.0,-15.0,45.0
1731694493.561558,14,14,285,254,35.0,-14.0,45.0
1731694493.5899618,14,13,285,253,35.0,-13.0,45.0
1731694493.6224303,15,15,285,253,35.0,-13.0,37.5
1731694493.6585977,12,9,286,252,34.0,-12.0,60.0
1731694493.689851,10,10,287,253,33.0,-13.0,75.0
1731694493.7274632,13,14,285,251,35.0,-11.0,52.5
1731694493.758505,12,14,286,250,34.0,-10.0,60.0
1731694493.7898424,14,13,287,248,33.0,-8.0,45.0
1731694493.8217876,12,13,286,246,34.0,-6.0,60.0
1731694493.8601804,14,14,287,245,33.0,-5.0,45.0
1731694493.8909535,14,14,287,244,33.0,-4.0,45.0
1731694493.9220765,14,13,287,242,33.0,-2.0,45.0
1731694493.960709,14,14,287,242,33.0,-2.0,45.0
1731694493.9941514,15,14,287,241,33.0,-1.0,37.5
1731694494.022932,16,16,288,240,32.0,0.0,30.0
1731694494.0577576,16,15,288,237,32.0,3.0,30.0
1731694494.0906806,15,16,288,237,32.0,3.0,37.5
1731694494.1222,14,15,289,236,31.0,4.0,45.0
1731694494.1583102,16,15,290,235,30.0,5.0,30.0
1731694494.1928039,16,16,290,235,30.0,5.0,30.0
1731694494.2220013,15,14,289,233,31.0,7.0,37.5
1731694494.2577791,13,14,289,231,31.0,9.0,52.5
1731694494.290746,14,14,290,230,30.0,10.0,45.0
1731694494.3273742,16,15,290,229,30.0,11.0,30.0
1731694494.3597894,15,15,290,229,30.0,11.0,37.5
1731694494.39488,15,16,291,228,29.0,12.0,37.5
1731694494.4248316,15,15,291,227,29.0,13.0,37.5
1731694494.4597077,16,16,292,226,28.0,14.0,30.0
1731694494.490825,16,15,292,225,28.0,15.0,30.0
1731694494.5240674,16,15,292,225,28.0,15.0,30.0
1731694494.561311,14,15,293,224,27.0,16.0,45.0
1731694494.590324,15,15,292,224,28.0,16.0,37.5
1731694494.621985,16,15,294,223,26.0,17.0,30.0
1731694494.6579626,16,15,294,222,26.0,18.0,30.0
1731694494.6908064,16,15,294,221,26.0,19.0,30.0
1731694494.7224362,17,16,294,222,26.0,18.0,22.5
1731694494.757817,16,15,296,223,24.0,17.0,30.0
1731694494.7942882,16,15,296,223,24.0,17.0,30.0
1731694494.8233304,16,16,296,222,24.0,18.0,30.0
1731694494.8605235,15,15,296,221,24.0,19.0,37.5
1731694494.8931649,14,15,297,221,23.0,19.0,45.0
1731694494.922399,14,15,297,221,23.0,19.0,45.0
1731694494.9582236,16,16,298,223,22.0,17.0,30.0
1731694494.9910524,15,15,298,222,22.0,18.0,37.5
1731694495.022,16,15,299,221,21.0,19.0,30.0
1731694495.0589294,15,16,299,221,21.0,19.0,37.5
1731694495.0905187,14,15,299,220,21.0,20.0,45.0
1731694495.1221063,16,15,300,220,20.0,20.0,30.0
1731694495.1617565,16,15,300,220,20.0,20.0,30.0
1731694495.1906004,15,15,300,221,20.0,19.0,37.5
1731694495.2220976,14,14,301,221,19.0,19.0,45.0
1731694495.2597175,15,15,300,220,20.0,20.0,37.5
1731694495.290665,14,14,301,220,19.0,20.0,45.0
1731694495.3239331,14,15,301,219,19.0,21.0,45.0
1731694495.3579776,14,15,301,220,19.0,20.0,45.0
1731694495.3933275,14,16,301,221,19.0,19.0,45.0
1731694495.4290695,15,16,301,221,19.0,19.0,37.5
1731694495.4619286,15,16,301,220,19.0,20.0,37.5
1731694495.49087,14,14,301,219,19.0,21.0,45.0
1731694495.5228465,14,15,301,218,19.0,22.0,45.0
1731694495.5609124,14,15,301,219,19.0,21.0,45.0
1731694495.5925107,14,14,301,221,19.0,19.0,45.0
1731694495.6222987,14,14,301,221,19.0,19.0,45.0
1731694495.6601338,14,14,301,221,19.0,19.0,45.0
1731694495.690009,14,16,301,221,19.0,19.0,45.0
1731694495.7227042,14,15,301,220,19.0,20.0,45.0
1731694495.760165,14,17,301,220,19.0,20.0,45.0
1731694495.7898006,14,15,301,220,19.0,20.0,45.0
1731694495.8218088,14,15,301,220,19.0,20.0,45.0
1731694495.8599067,15,16,301,221,19.0,19.0,37.5
1731694495.8900135,15,15,301,222,19.0,18.0,37.5
1731694495.922716,14,14,301,223,19.0,17.0,45.0
1731694495.958995,14,15,301,223,19.0,17.0,45.0
1731694495.9928732,15,15,301,223,19.0,17.0,37.5
1731694496.0217552,16,15,302,224,18.0,16.0,30.0
1731694496.0587926,15,15,301,224,19.0,16.0,37.5
1731694496.0899622,14,15,301,224,19.0,16.0,45.0
1731694496.1227832,16,15,302,224,18.0,16.0,30.0
1731694496.1583915,15,16,301,225,19.0,15.0,37.5
1731694496.191147,15,15,301,224,19.0,16.0,37.5
1731694496.2260606,14,15,301,225,19.0,15.0,45.0
1731694496.2622452,15,14,301,226,19.0,14.0,37.5
1731694496.2898827,14,15,301,226,19.0,14.0,45.0
1731694496.322011,14,14,301,227,19.0,13.0,45.0
1731694496.3583946,16,15,302,228,18.0,12.0,30.0
1731694496.3907206,16,15,302,228,18.0,12.0,30.0
1731694496.4233813,14,14,303,229,17.0,11.0,45.0
1731694496.4634817,14,14,303,230,17.0,10.0,45.0
1731694496.493102,14,15,303,231,17.0,9.0,45.0
1731694496.524994,15,15,302,231,18.0,9.0,37.5
1731694496.5619273,15,14,302,232,18.0,8.0,37.5
1731694496.5941565,12,13,302,232,18.0,8.0,60.0
1731694496.6271677,14,15,303,232,17.0,8.0,45.0
1731694496.6596684,16,15,302,232,18.0,8.0,30.0
1731694496.6901555,16,16,302,232,18.0,8.0,30.0
1731694496.722056,15,15,301,231,19.0,9.0,37.5
1731694496.758428,12,13,302,231,18.0,9.0,60.0
1731694496.790751,14,14,301,230,19.0,10.0,45.0
1731694496.8222833,16,15,300,229,20.0,11.0,30.0
1731694496.8596344,15,16,300,228,20.0,12.0,37.5
1731694496.8899643,15,15,299,227,21.0,13.0,37.5
1731694496.9226294,15,14,299,228,21.0,12.0,37.5
1731694496.9590883,14,15,299,228,21.0,12.0,45.0
1731694496.9903271,14,14,299,228,21.0,12.0,45.0
1731694497.0250347,14,15,299,227,21.0,13.0,45.0
1731694497.060646,16,15,298,227,22.0,13.0,30.0
1731694497.0911493,13,14,297,227,23.0,13.0,52.5
1731694497.123671,13,14,297,226,23.0,14.0,52.5
1731694497.159689,15,15,297,225,23.0,15.0,37.5
1731694497.190704,14,15,297,224,23.0,16.0,45.0
1731694497.2239718,14,15,297,223,23.0,17.0,45.0
1731694497.2608855,14,16,297,223,23.0,17.0,45.0
1731694497.2898254,14,15,297,222,23.0,18.0,45.0
1731694497.3228507,14,14,297,222,23.0,18.0,45.0
1731694497.3584094,14,16,297,222,23.0,18.0,45.0
1731694497.3906105,14,14,297,222,23.0,18.0,45.0
1731694497.422246,14,14,297,223,23.0,17.0,45.0
1731694497.466261,14,14,297,225,23.0,15.0,45.0
1731694497.4922507,14,14,297,226,23.0,14.0,45.0
1731694497.5250432,14,15,297,227,23.0,13.0,45.0
1731694497.558086,14,14,297,229,23.0,11.0,45.0
1731694497.5941095,14,14,297,230,23.0,10.0,45.0
1731694497.6227067,15,14,296,231,24.0,9.0,37.5
1731694497.66073,15,15,296,231,24.0,9.0,37.5
1731694497.6900015,12,13,296,232,24.0,8.0,60.0
1731694497.7231462,15,15,295,233,25.0,7.0,37.5
1731694497.7581272,12,12,296,235,24.0,5.0,60.0
1731694497.7899811,12,15,296,236,24.0,4.0,60.0
1731694497.8225355,14,13,295,236,25.0,4.0,45.0
1731694497.8588083,13,14,294,238,26.0,2.0,52.5
1731694497.8901727,12,14,294,239,26.0,1.0,60.0
1731694497.9222164,14,14,293,240,27.0,0.0,45.0
1731694497.9592931,14,15,293,239,27.0,1.0,45.0
1731694497.9911778,14,15,293,240,27.0,0.0,45.0
1731694498.0226252,15,14,292,241,28.0,-1.0,37.5
1731694498.0581558,13,15,292,242,28.0,-2.0,52.5
1731694498.0917318,14,12,291,242,29.0,-2.0,45.0
1731694498.12304,14,12,291,242,29.0,-2.0,45.0
1731694498.1582854,14,14,291,243,29.0,-3.0,45.0
1731694498.1916988,14,13,291,243,29.0,-3.0,45.0
1731694498.2240567,14,15,290,244,30.0,-4.0,45.0
1731694498.2604914,14,14,289,244,31.0,-4.0,45.0
1731694498.292174,14,14,289,244,31.0,-4.0,45.0
1731694498.3236222,14,14,289,244,31.0,-4.0,45.0
1731694498.3580723,14,14,289,244,31.0,-4.0,45.0
1731694498.391312,14,15,289,244,31.0,-4.0,45.0
1731694498.4258118,14,15,289,244,31.0,-4.0,45.0
1731694498.4635448,14,14,289,246,31.0,-6.0,45.0
1731694498.4953103,14,15,289,247,31.0,-7.0,45.0
1731694498.5287166,15,15,289,248,31.0,-8.0,37.5
1731694498.5582938,15,14,289,249,31.0,-9.0,37.5
1731694498.590514,14,14,290,250,30.0,-10.0,45.0
1731694498.6231196,14,14,291,252,29.0,-12.0,45.0
1731694498.6601374,14,14,291,253,29.0,-13.0,45.0
1731694498.6924262,14,12,291,255,29.0,-15.0,45.0
1731694498.7220163,13,13,291,255,29.0,-15.0,52.5
1731694498.758804,14,14,291,256,29.0,-16.0,45.0
1731694498.7907555,13,14,292,257,28.0,-17.0,52.5
1731694498.821998,14,14,293,258,27.0,-18.0,45.0
1731694498.8581462,14,15,293,257,27.0,-17.0,45.0
1731694498.8906882,14,14,293,257,27.0,-17.0,45.0
1731694498.9226964,16,15,294,257,26.0,-17.0,30.0
1731694498.9583132,16,13,294,256,26.0,-16.0,30.0
1731694498.9901288,13,15,293,257,27.0,-17.0,52.5
1731694499.022076,15,15,293,255,27.0,-15.0,37.5
1731694499.059459,16,15,294,254,26.0,-14.0,30.0
1731694499.090624,15,15,294,254,26.0,-14.0,37.5
1731694499.1219864,14,13,295,253,25.0,-13.0,45.0
1731694499.160012,14,14,295,253,25.0,-13.0,45.0
1731694499.1917093,14,15,295,251,25.0,-11.0,45.0
1731694499.2224853,14,15,295,250,25.0,-10.0,45.0
1731694499.2579942,14,15,295,250,25.0,-10.0,45.0
1731694499.290229,14,15,295,250,25.0,-10.0,45.0
1731694499.3227992,14,14,295,251,25.0,-11.0,45.0
1731694499.357961,14,15,295,250,25.0,-10.0,45.0
1731694499.3901985,14,14,295,251,25.0,-11.0,45.0
1731694499.4221153,14,15,295,251,25.0,-11.0,45.0
1731694499.459143,14,13,295,252,25.0,-12.0,45.0
1731694499.4903715,14,15,295,252,25.0,-12.0,45.0
1731694499.526686,16,14,296,253,24.0,-13.0,30.0
1731694499.564277,16,15,296,253,24.0,-13.0,30.0
1731694499.5920215,14,15,295,253,25.0,-13.0,45.0
1731694499.622204,15,15,295,253,25.0,-13.0,37.5
1731694499.6582067,16,14,296,253,24.0,-13.0,30.0
1731694499.6901183,16,15,296,252,24.0,-12.0,30.0
1731694499.7231455,15,14,295,251,25.0,-11.0,37.5
1731694499.757914,16,14,296,250,24.0,-10.0,30.0
1731694499.7915683,16,15,296,248,24.0,-8.0,30.0
1731694499.824681,14,14,297,247,23.0,-7.0,45.0
1731694499.8595624,14,14,297,245,23.0,-5.0,45.0
1731694499.8902266,16,15,298,244,22.0,-4.0,30.0
1731694499.922724,14,15,298,242,22.0,-2.0,45.0
1731694499.9580412,16,16,298,241,22.0,-1.0,30.0
1731694499.9912958,16,15,298,240,22.0,0.0,30.0
1731694500.0224166,15,15,298,240,22.0,0.0,37.5
1731694500.0603435,14,14,299,240,21.0,0.0,45.0
1731694500.090791,15,15,300,240,20.0,0.0,37.5
1731694500.125324,16,15,300,239,20.0,1.0,30.0
1731694500.1594603,16,15,300,238,20.0,2.0,30.0
1731694500.1922314,14,14,301,237,19.0,3.0,45.0
1731694500.2225611,16,17,302,236,18.0,4.0,30.0
1731694500.258996,16,16,302,238,18.0,2.0,30.0
1731694500.290899,15,16,302,238,18.0,2.0,37.5
1731694500.3221471,16,15,304,238,16.0,2.0,30.0
1731694500.3589528,16,16,304,238,16.0,2.0,30.0
1731694500.3918056,16,16,304,237,16.0,3.0,30.0
1731694500.4222655,18,17,305,236,15.0,4.0,15.0
1731694500.4638798,16,16,306,236,14.0,4.0,30.0
1731694500.4965234,16,17,306,235,14.0,5.0,30.0
1731694500.5231347,17,17,307,235,13.0,5.0,22.5
1731694500.5629115,16,17,308,235,12.0,5.0,30.0
1731694500.5907314,16,16,308,234,12.0,6.0,30.0
1731694500.6226525,17,17,308,233,12.0,7.0,22.5
1731694500.6607602,18,16,309,233,11.0,7.0,15.0
1731694500.690926,16,16,310,233,10.0,7.0,30.0
1731694500.72548,16,16,310,234,10.0,6.0,30.0
1731694500.758162,17,16,311,235,9.0,5.0,22.5
1731694500.792069,16,17,312,234,8.0,6.0,30.0
1731694500.824259,16,16,312,234,8.0,6.0,30.0
1731694500.8594801,16,16,312,234,8.0,6.0,30.0
1731694500.8915687,17,16,312,234,8.0,6.0,22.5
1731694500.924691,16,16,314,235,6.0,5.0,30.0
1731694500.959179,18,17,313,235,7.0,5.0,15.0
1731694500.9910197,16,16,314,235,6.0,5.0,30.0
1731694501.0232399,16,16,314,235,6.0,5.0,30.0
1731694501.0592844,16,17,314,235,6.0,5.0,30.0
1731694501.0902967,17,18,314,236,6.0,4.0,22.5
1731694501.1228042,18,17,315,236,5.0,4.0,15.0
1731694501.1598048,16,17,316,237,4.0,3.0,30.0
1731694501.1935282,17,17,315,237,5.0,3.0,22.5
1731694501.2232125,16,16,316,237,4.0,3.0,30.0
1731694501.2623384,16,15,316,237,4.0,3.0,30.0
1731694501.2923152,16,15,316,237,4.0,3.0,30.0
1731694501.3239388,16,16,316,238,4.0,2.0,30.0
1731694501.3607185,16,17,316,237,4.0,3.0,30.0
1731694501.3904927,18,17,317,236,3.0,4.0,15.0
1731694501.422282,18,16,317,237,3.0,3.0,15.0
1731694501.4591732,18,16,317,237,3.0,3.0,15.0
1731694501.4921632,18,16,317,237,3.0,3.0,15.0
1731694501.527827,18,17,317,236,3.0,4.0,15.0
1731694501.564452,18,17,317,235,3.0,5.0,15.0
1731694501.5923362,18,17,317,235,3.0,5.0,15.0
1731694501.6229901,18,17,317,235,3.0,5.0,15.0
1731694501.6584585,16,16,318,236,2.0,4.0,30.0
1731694501.690849,17,18,317,235,3.0,5.0,22.5
1731694501.7235622,18,17,317,234,3.0,6.0,15.0
1731694501.759104,18,18,317,235,3.0,5.0,15.0
1731694501.7906594,17,16,317,235,3.0,5.0,22.5
1731694501.8231754,18,17,317,235,3.0,5.0,15.0
1731694501.8589668,18,17,317,235,3.0,5.0,15.0
1731694501.8901484,18,17,317,235,3.0,5.0,15.0
1731694501.9226007,17,17,317,236,3.0,4.0,22.5
1731694501.9597917,16,15,317,236,3.0,4.0,30.0
1731694501.992309,18,17,317,235,3.0,5.0,15.0
1731694502.022665,17,17,317,235,3.0,5.0,22.5
1731694502.058704,17,17,317,236,3.0,4.0,22.5
1731694502.0902064,18,17,317,236,3.0,4.0,15.0
1731694502.123355,18,18,317,237,3.0,3.0,15.0
1731694502.1584897,18,17,317,236,3.0,4.0,15.0
1731694502.1901872,18,17,317,236,3.0,4.0,15.0
1731694502.2234015,17,17,316,236,4.0,4.0,22.5
1731694502.2597945,18,16,317,236,3.0,4.0,15.0
1731694502.2901547,18,17,317,236,3.0,4.0,15.0
1731694502.3228455,18,17,317,237,3.0,3.0,15.0
1731694502.3587766,17,16,316,237,4.0,3.0,22.5
1731694502.391571,17,17,316,236,4.0,4.0,22.5
1731694502.423128,17,17,316,236,4.0,4.0,22.5
1731694502.4584024,17,17,316,236,4.0,4.0,22.5
1731694502.493841,16,17,316,236,4.0,4.0,30.0
1731694502.5235622,18,17,315,236,5.0,4.0,15.0
1731694502.5586238,18,17,315,236,5.0,4.0,15.0
1731694502.5903757,18,17,315,236,5.0,4.0,15.0
1731694502.622946,18,17,315,237,5.0,3.0,15.0
1731694502.6595607,18,18,315,237,5.0,3.0,15.0
1731694502.6982472,16,17,314,237,6.0,3.0,30.0
1731694502.72323,16,16,314,237,6.0,3.0,30.0
1731694502.7581458,18,18,313,237,7.0,3.0,15.0
1731694502.7928202,18,17,313,236,7.0,4.0,15.0
1731694502.8222756,17,17,312,236,8.0,4.0,22.5
1731694502.859258,16,17,312,236,8.0,4.0,30.0
1731694502.8911755,18,17,311,236,9.0,4.0,15.0
1731694502.9246783,18,17,311,235,9.0,5.0,15.0
1731694502.9595387,17,17,310,235,10.0,5.0,22.5
1731694502.9923587,18,17,309,234,11.0,6.0,15.0
1731694503.0239234,18,16,309,234,11.0,6.0,15.0
1731694503.060153,17,17,308,234,12.0,6.0,22.5
1731694503.0902805,18,18,307,234,13.0,6.0,15.0
1731694503.1237857,17,17,306,234,14.0,6.0,22.5
1731694503.1601276,17,18,305,235,15.0,5.0,22.5
1731694503.1924813,18,18,305,235,15.0,5.0,15.0
1731694503.2236874,18,17,305,235,15.0,5.0,15.0
1731694503.2595599,16,17,304,235,16.0,5.0,30.0
1731694503.2909982,18,18,303,235,17.0,5.0,15.0
1731694503.3240907,18,17,303,235,17.0,5.0,15.0
1731694503.3583703,18,17,301,236,19.0,4.0,15.0
1731694503.390756,18,17,301,236,19.0,4.0,15.0
1731694503.4234545,18,18,301,237,19.0,3.0,15.0
1731694503.4597101,18,18,299,237,21.0,3.0,15.0
1731694503.4908876,17,17,299,238,21.0,2.0,22.5
1731694503.5225096,17,18,298,238,22.0,2.0,22.5
1731694503.5582738,18,17,297,237,23.0,3.0,15.0
1731694503.5913973,18,18,297,237,23.0,3.0,15.0
1731694503.626484,19,18,296,237,24.0,3.0,7.5
1731694503.662212,18,18,295,238,25.0,2.0,15.0
1731694503.6972365,17,17,295,238,25.0,2.0,22.5
1731694503.7358284,18,16,295,238,25.0,2.0,15.0
1731694503.7613974,18,17,295,237,25.0,3.0,15.0
1731694503.7912223,17,17,294,237,26.0,3.0,22.5
1731694503.8236582,18,17,293,237,27.0,3.0,15.0
1731694503.86065,18,18,293,238,27.0,2.0,15.0
1731694503.8952532,18,18,293,238,27.0,2.0,15.0
1731694503.9255424,18,18,293,237,27.0,3.0,15.0
1731694503.9582324,18,18,293,236,27.0,4.0,15.0
1731694503.9921288,18,17,293,236,27.0,4.0,15.0
1731694504.0230696,17,17,291,236,29.0,4.0,22.5
1731694504.0581892,18,18,291,236,29.0,4.0,15.0
1731694504.0904443,18,17,291,235,29.0,5.0,15.0
1731694504.1237319,18,17,291,236,29.0,4.0,15.0
1731694504.1582296,18,17,291,237,29.0,3.0,15.0
1731694504.190461,18,18,291,238,29.0,2.0,15.0
1731694504.2224364,18,17,291,237,29.0,3.0,15.0
1731694504.2593117,16,17,290,238,30.0,2.0,30.0
1731694504.29031,16,16,290,239,30.0,1.0,30.0
1731694504.3228195,17,17,290,239,30.0,1.0,22.5
1731694504.3583717,17,16,289,239,31.0,1.0,22.5
1731694504.3914278,18,17,289,238,31.0,2.0,15.0
1731694504.4232562,18,16,289,239,31.0,1.0,15.0
1731694504.4600854,18,17,289,238,31.0,2.0,15.0
1731694504.4922361,18,17,289,237,31.0,3.0,15.0
1731694504.527217,17,17,288,237,32.0,3.0,22.5
1731694504.5600562,18,17,289,237,31.0,3.0,15.0
1731694504.5914168,18,16,289,237,31.0,3.0,15.0
1731694504.623522,18,17,289,237,31.0,3.0,15.0
1731694504.6592166,18,18,289,237,31.0,3.0,15.0
1731694504.6914961,18,16,289,235,31.0,5.0,15.0
1731694504.7274268,18,16,289,235,31.0,5.0,15.0
1731694504.7583327,18,17,289,234,31.0,6.0,15.0
1731694504.7920287,18,18,289,235,31.0,5.0,15.0
1731694504.8232768,18,17,289,234,31.0,6.0,15.0
1731694504.8591332,18,17,289,234,31.0,6.0,15.0
1731694504.890814,16,17,290,234,30.0,6.0,30.0
1731694504.9247122,18,18,291,235,29.0,5.0,15.0
1731694504.958596,17,18,290,234,30.0,6.0,22.5
1731694504.990467,16,15,290,233,30.0,7.0,30.0
1731694505.0223835,16,17,290,233,30.0,7.0,30.0
1731694505.0605075,18,17,291,234,29.0,6.0,15.0
1731694505.0917888,17,17,290,234,30.0,6.0,22.5
1731694505.12265,17,17,290,234,30.0,6.0,22.5
1731694505.1591063,18,17,291,234,29.0,6.0,15.0
1731694505.1912649,18,17,291,234,29.0,6.0,15.0
1731694505.22237,18,17,291,235,29.0,5.0,15.0
1731694505.2594926,18,16,291,235,29.0,5.0,15.0
1731694505.290313,18,17,291,234,29.0,6.0,15.0
1731694505.3233783,17,17,290,234,30.0,6.0,22.5
1731694505.3586166,18,17,291,235,29.0,5.0,15.0
1731694505.3903782,16,18,290,235,30.0,5.0,30.0
1731694505.4224808,17,17,290,234,30.0,6.0,22.5
1731694505.4598262,17,18,289,235,31.0,5.0,22.5
1731694505.4945204,16,16,290,236,30.0,4.0,30.0
1731694505.524252,18,17,289,236,31.0,4.0,15.0
1731694505.5606976,18,18,289,237,31.0,3.0,15.0
1731694505.5923355,18,18,289,238,31.0,2.0,15.0
1731694505.624067,18,17,289,237,31.0,3.0,15.0
1731694505.6601589,18,17,289,238,31.0,2.0,15.0
1731694505.692651,17,16,288,239,32.0,1.0,22.5
1731694505.7326818,16,16,288,239,32.0,1.0,30.0
1731694505.7685053,18,17,287,239,33.0,1.0,15.0
1731694505.7917914,18,17,287,239,33.0,1.0,15.0
1731694505.8249848,18,17,287,240,33.0,0.0,15.0
1731694505.8610158,17,17,286,241,34.0,-1.0,22.5
1731694505.891157,18,16,287,242,33.0,-2.0,15.0
1731694505.9245682,17,16,286,243,34.0,-3.0,22.5
1731694505.958818,17,17,286,242,34.0,-2.0,22.5
1731694505.9920888,17,18,285,242,35.0,-2.0,22.5
1731694506.025388,18,18,285,242,35.0,-2.0,15.0
1731694506.0593193,18,17,285,242,35.0,-2.0,15.0
1731694506.0917253,18,16,285,244,35.0,-4.0,15.0
1731694506.1254928,18,17,285,243,35.0,-3.0,15.0
1731694506.1589954,18,17,283,243,37.0,-3.0,15.0
1731694506.1909962,18,16,283,243,37.0,-3.0,15.0
1731694506.2254221,18,17,283,243,37.0,-3.0,15.0
1731694506.2612932,18,17,283,244,37.0,-4.0,15.0
1731694506.2921736,18,17,283,244,37.0,-4.0,15.0
1731694506.3236477,17,17,282,243,38.0,-3.0,22.5
1731694506.360997,17,17,281,243,39.0,-3.0,22.5
1731694506.3928988,18,16,281,243,39.0,-3.0,15.0
1731694506.4255903,17,17,280,243,40.0,-3.0,22.5
1731694506.4598615,17,16,280,244,40.0,-4.0,22.5
1731694506.490732,17,16,280,244,40.0,-4.0,22.5
1731694506.5258281,18,17,279,243,41.0,-3.0,15.0
1731694506.5598092,18,16,279,243,41.0,-3.0,15.0
1731694506.591114,18,17,279,241,41.0,-1.0,15.0
1731694506.624007,18,17,279,241,41.0,-1.0,15.0
1731694506.659549,18,17,279,242,41.0,-2.0,15.0
1731694506.6907399,18,16,279,243,41.0,-3.0,15.0
1731694506.723349,18,17,279,242,41.0,-2.0,15.0
1731694506.7592025,19,15,278,241,42.0,-1.0,7.5
1731694506.7978494,17,16,277,241,43.0,-1.0,22.5
1731694506.8260112,16,16,278,241,42.0,-1.0,30.0
1731694506.8591201,16,16,278,241,42.0,-1.0,30.0
1731694506.8903222,17,17,277,242,43.0,-2.0,22.5
1731694506.9242065,17,16,277,243,43.0,-3.0,22.5
1731694506.9591496,17,17,277,242,43.0,-2.0,22.5
1731694506.9903314,18,17,277,242,43.0,-2.0,15.0
1731694507.0230172,17,16,277,242,43.0,-2.0,22.5
1731694507.0593913,16,17,278,243,42.0,-3.0,30.0
1731694507.0903869,18,17,279,243,41.0,-3.0,15.0
1731694507.1246169,18,15,279,243,41.0,-3.0,15.0
1731694507.1598327,16,16,278,244,42.0,-4.0,30.0
1731694507.1916053,18,17,279,242,41.0,-2.0,15.0
1731694507.223631,18,17,279,243,41.0,-3.0,15.0
1731694507.258917,16,15,280,243,40.0,-3.0,30.0
1731694507.2911673,17,17,279,243,41.0,-3.0,22.5
1731694507.32548,16,16,280,243,40.0,-3.0,30.0
1731694507.3585968,16,16,280,243,40.0,-3.0,30.0
1731694507.392038,18,17,281,243,39.0,-3.0,15.0
1731694507.4228332,18,17,281,243,39.0,-3.0,15.0
1731694507.4608283,16,16,280,243,40.0,-3.0,30.0
1731694507.4911072,18,16,281,242,39.0,-2.0,15.0
1731694507.5232923,18,17,281,242,39.0,-2.0,15.0
1731694507.5585334,18,17,281,241,39.0,-1.0,15.0
1731694507.592159,17,17,280,240,40.0,0.0,22.5
1731694507.624039,18,17,281,240,39.0,0.0,15.0
1731694507.6590555,18,18,281,240,39.0,0.0,15.0
1731694507.690853,18,17,281,240,39.0,0.0,15.0
1731694507.7241876,17,17,279,240,41.0,0.0,22.5
1731694507.7589664,18,17,279,239,41.0,1.0,15.0
1731694507.7922518,18,17,279,239,41.0,1.0,15.0
1731694507.8233705,18,16,279,240,41.0,0.0,15.0
1731694507.859195,18,17,279,240,41.0,0.0,15.0
1731694507.8973594,18,17,279,239,41.0,1.0,15.0
1731694507.9239728,16,17,278,239,42.0,1.0,30.0
1731694507.9586885,16,16,278,241,42.0,-1.0,30.0
1731694507.9910698,16,16,278,241,42.0,-1.0,30.0
1731694508.02424,16,15,278,240,42.0,0.0,30.0
1731694508.0585978,18,17,277,240,43.0,0.0,15.0
1731694508.090399,18,17,277,239,43.0,1.0,15.0
1731694508.1252692,18,17,277,240,43.0,0.0,15.0
1731694508.158954,18,16,277,240,43.0,0.0,15.0
1731694508.1904418,18,16,277,240,43.0,0.0,15.0
1731694508.2233243,18,16,277,240,43.0,0.0,15.0
1731694508.2590396,16,15,276,238,44.0,2.0,30.0
1731694508.2904296,18,16,277,239,43.0,1.0,15.0
1731694508.3233488,17,16,276,239,44.0,1.0,22.5
1731694508.3590226,16,16,276,239,44.0,1.0,30.0
1731694508.3916385,17,17,275,239,45.0,1.0,22.5
1731694508.4236274,18,17,275,238,45.0,2.0,15.0
1731694508.4583895,18,17,275,239,45.0,1.0,15.0
1731694508.4906566,18,16,275,238,45.0,2.0,15.0
1731694508.5251763,18,18,275,238,45.0,2.0,15.0
1731694508.5587182,18,17,273,237,47.0,3.0,15.0
1731694508.590685,18,17,273,237,47.0,3.0,15.0
1731694508.62451,16,15,273,237,47.0,3.0,30.0
1731694508.6593242,18,16,273,237,47.0,3.0,15.0
1731694508.690687,18,16,273,236,47.0,4.0,15.0
1731694508.723795,17,17,272,235,48.0,5.0,22.5
1731694508.7664313,16,16,272,236,48.0,4.0,30.0
1731694508.7915397,17,15,270,234,50.0,6.0,22.5
1731694508.8242977,18,18,271,235,49.0,5.0,15.0
1731694508.8590605,17,17,270,233,50.0,7.0,22.5
1731694508.8910182,18,17,269,233,51.0,7.0,15.0
1731694508.9242284,18,17,269,233,51.0,7.0,15.0
1731694508.9585001,18,16,269,233,51.0,7.0,15.0
1731694508.9943542,18,16,267,233,53.0,7.0,15.0
1731694509.0240004,18,16,267,232,53.0,8.0,15.0
1731694509.0601635,18,16,265,232,55.0,8.0,15.0
1731694509.0955932,18,16,265,232,55.0,8.0,15.0
1731694509.124186,16,16,264,233,56.0,7.0,30.0
1731694509.158628,16,16,264,233,56.0,7.0,30.0
1731694509.1918664,18,15,263,232,57.0,8.0,15.0
1731694509.2267118,18,16,263,232,57.0,8.0,15.0
1731694509.2617252,18,16,263,232,57.0,8.0,15.0
1731694509.2914507,17,17,262,232,58.0,8.0,22.5
1731694509.3261867,18,17,261,233,59.0,7.0,15.0
1731694509.3592703,18,16,261,234,59.0,6.0,15.0
1731694509.3916092,17,16,260,233,60.0,7.0,22.5
1731694509.4227192,16,16,260,232,60.0,8.0,30.0
1731694509.459465,17,16,258,232,62.0,8.0,22.5
1731694509.491606,18,17,259,232,61.0,8.0,15.0
1731694509.5234482,18,16,259,234,61.0,6.0,15.0
1731694509.5586498,18,16,259,235,61.0,5.0,15.0
1731694509.591668,16,16,258,235,62.0,5.0,30.0
1731694509.6248627,16,16,257,235,63.0,5.0,30.0
1731694509.6591902,17,16,257,234,63.0,6.0,22.5
1731694509.6908734,16,15,256,234,64.0,6.0,30.0
1731694509.724212,18,15,257,233,63.0,7.0,15.0
1731694509.758612,18,17,257,234,63.0,6.0,15.0
1731694509.7920804,17,17,257,235,63.0,5.0,22.5
1731694509.8251162,18,17,257,236,63.0,4.0,15.0
1731694509.8590078,17,16,257,236,63.0,4.0,22.5
1731694509.890524,17,15,257,235,63.0,5.0,22.5
1731694509.923125,18,16,258,235,62.0,5.0,15.0
1731694509.9583733,18,16,259,235,61.0,5.0,15.0
1731694509.9917312,16,16,258,234,62.0,6.0,30.0
1731694510.0230968,18,17,259,235,61.0,5.0,15.0
1731694510.0594878,18,17,259,236,61.0,4.0,15.0
1731694510.095184,18,16,261,238,59.0,2.0,15.0
1731694510.1326659,18,17,261,238,59.0,2.0,15.0
1731694510.1631827,16,17,260,238,60.0,2.0,30.0
1731694510.1923652,16,16,260,239,60.0,1.0,30.0
1731694510.223483,17,17,261,239,59.0,1.0,22.5
1731694510.2594795,18,17,263,240,57.0,0.0,15.0
1731694510.2963598,18,17,263,240,57.0,0.0,15.0
1731694510.3229496,18,17,264,241,56.0,-1.0,15.0
1731694510.3605356,17,17,264,240,56.0,0.0,22.5
1731694510.3916826,16,15,264,239,56.0,1.0,30.0
1731694510.423176,18,16,265,240,55.0,0.0,15.0
1731694510.458474,18,15,265,240,55.0,0.0,15.0
1731694510.4908197,17,17,265,241,55.0,-1.0,22.5
1731694510.5236182,18,16,267,242,53.0,-2.0,15.0
1731694510.5595126,18,15,267,242,53.0,-2.0,15.0
1731694510.59093,16,14,268,242,52.0,-2.0,30.0
1731694510.6242104,17,16,268,242,52.0,-2.0,22.5
1731694510.6614697,18,17,269,243,51.0,-3.0,15.0
1731694510.6918576,18,17,269,243,51.0,-3.0,15.0
1731694510.7238367,18,16,269,244,51.0,-4.0,15.0
1731694510.7593296,18,17,271,243,49.0,-3.0,15.0
1731694510.7925217,18,17,271,243,49.0,-3.0,15.0
1731694510.8263273,18,17,271,243,49.0,-3.0,15.0
1731694510.8593595,18,17,271,243,49.0,-3.0,15.0
1731694510.8915608,18,16,271,244,49.0,-4.0,15.0
1731694510.9232893,18,17,271,243,49.0,-3.0,15.0
1731694510.958588,18,16,271,243,49.0,-3.0,15.0
1731694510.9912324,18,17,271,242,49.0,-2.0,15.0
1731694511.0235693,18,16,271,242,49.0,-2.0,15.0
1731694511.0600605,18,17,271,242,49.0,-2.0,15.0
1731694511.0948946,17,16,269,242,51.0,-2.0,22.5
1731694511.122966,16,15,270,241,50.0,-1.0,30.0
1731694511.1585715,17,17,269,241,51.0,-1.0,22.5
1731694511.1922042,18,15,269,241,51.0,-1.0,15.0
1731694511.2252333,19,18,269,242,51.0,-2.0,7.5
1731694511.264309,18,16,269,241,51.0,-1.0,15.0
1731694511.2952666,18,17,269,240,51.0,0.0,15.0
1731694511.3267455,18,17,269,240,51.0,0.0,15.0
1731694511.3600543,18,16,269,241,51.0,-1.0,15.0
1731694511.3906317,16,16,268,242,52.0,-2.0,30.0
1731694511.4248683,18,16,267,243,53.0,-3.0,15.0
1731694511.460495,18,17,267,242,53.0,-2.0,15.0
1731694511.4909363,18,17,267,242,53.0,-2.0,15.0
1731694511.5238197,18,18,267,243,53.0,-3.0,15.0
1731694511.5597746,18,17,267,243,53.0,-3.0,15.0
1731694511.5915046,19,16,266,243,54.0,-3.0,7.5
1731694511.6234882,18,16,266,243,54.0,-3.0,15.0
1731694511.6587014,18,17,265,242,55.0,-2.0,15.0
1731694511.6910396,18,16,265,242,55.0,-2.0,15.0
1731694511.7255034,17,15,264,241,56.0,-1.0,22.5
1731694511.759764,18,16,265,240,55.0,0.0,15.0
1731694511.792108,17,16,264,240,56.0,0.0,22.5
1731694511.8230581,18,17,265,240,55.0,0.0,15.0
1731694511.8602226,18,17,265,241,55.0,-1.0,15.0
1731694511.891444,16,15,264,241,56.0,-1.0,30.0
1731694511.923555,16,15,264,241,56.0,-1.0,30.0
1731694511.9600706,17,15,262,240,58.0,0.0,22.5
1731694511.9937172,18,16,263,241,57.0,-1.0,15.0
1731694512.0241525,18,16,263,242,57.0,-2.0,15.0
1731694512.059959,18,16,263,243,57.0,-3.0,15.0
1731694512.0922647,16,17,262,243,58.0,-3.0,30.0
1731694512.126337,16,17,262,243,58.0,-3.0,30.0
1731694512.1594713,16,16,262,244,58.0,-4.0,30.0
1731694512.191887,16,15,262,243,58.0,-3.0,30.0
1731694512.2247777,17,17,261,242,59.0,-2.0,22.5
1731694512.2612207,16,16,262,241,58.0,-1.0,30.0
1731694512.2928104,17,16,262,240,58.0,0.0,22.5
1731694512.3253279,16,17,262,240,58.0,0.0,30.0
1731694512.3604054,18,17,262,240,58.0,0.0,15.0
1731694512.3938632,18,17,262,240,58.0,0.0,15.0
1731694512.427142,17,16,261,240,59.0,0.0,22.5
1731694512.4629362,17,16,261,239,59.0,1.0,22.5
1731694512.4917605,16,16,262,238,58.0,2.0,30.0
1731694512.5246792,17,16,261,237,59.0,3.0,22.5
1731694512.5594049,16,16,262,238,58.0,2.0,30.0
1731694512.5911672,16,16,262,238,58.0,2.0,30.0
1731694512.6241746,18,16,263,239,57.0,1.0,15.0
1731694512.6605268,16,17,262,239,58.0,1.0,30.0
1731694512.6922805,18,16,261,239,59.0,1.0,15.0
1731694512.7249894,16,15,260,238,60.0,2.0,30.0
1731694512.760274,17,15,261,238,59.0,2.0,22.5
1731694512.7926712,18,17,261,238,59.0,2.0,15.0
1731694512.822831,18,17,261,239,59.0,1.0,15.0
1731694512.8590684,18,17,261,239,59.0,1.0,15.0
1731694512.8930755,16,16,260,240,60.0,0.0,30.0
1731694512.9246173,18,17,261,238,59.0,2.0,15.0
1731694512.9624696,16,17,260,238,60.0,2.0,30.0
1731694512.9911454,16,16,260,239,60.0,1.0,30.0
1731694513.0231895,16,16,260,239,60.0,1.0,30.0
1731694513.0596964,18,17,259,239,61.0,1.0,15.0
1731694513.095065,18,17,259,239,61.0,1.0,15.0
1731694513.1240783,18,17,259,238,61.0,2.0,15.0
1731694513.1605115,17,18,258,238,62.0,2.0,22.5
1731694513.1935601,18,17,257,238,63.0,2.0,15.0
1731694513.2241464,18,18,257,239,63.0,1.0,15.0
1731694513.2603083,16,15,256,238,64.0,2.0,30.0
1731694513.292453,17,16,255,239,65.0,1.0,22.5
1731694513.3238564,18,18,255,239,65.0,1.0,15.0
1731694513.3625507,18,17,255,238,65.0,2.0,15.0
1731694513.39442,18,16,255,238,65.0,2.0,15.0
1731694513.426068,18,16,254,238,66.0,2.0,15.0
1731694513.4698288,18,18,253,238,67.0,2.0,15.0
1731694513.4911754,18,17,253,238,67.0,2.0,15.0
1731694513.5233462,16,16,252,239,68.0,1.0,30.0
1731694513.5593746,17,15,251,239,69.0,1.0,22.5
1731694513.592827,18,17,251,239,69.0,1.0,15.0
1731694513.6235995,18,16,251,239,69.0,1.0,15.0
1731694513.6596274,18,17,251,238,69.0,2.0,15.0
1731694513.6932638,16,17,250,239,70.0,1.0,30.0
1731694513.7252238,17,15,248,240,72.0,0.0,22.5
1731694513.7598183,16,16,248,241,72.0,-1.0,30.0
1731694513.7916105,16,16,248,241,72.0,-1.0,30.0
1731694513.8237474,18,16,247,242,73.0,-2.0,15.0
1731694513.8604603,16,15,246,241,74.0,-1.0,30.0
1731694513.8922784,18,16,245,240,75.0,0.0,15.0
1731694513.926641,18,17,245,239,75.0,1.0,15.0
1731694513.9589715,16,15,244,239,76.0,1.0,30.0
1731694513.9935207,16,16,244,240,76.0,0.0,30.0
1731694514.02347,18,15,243,240,77.0,0.0,15.0
1731694514.058801,18,16,243,240,77.0,0.0,15.0
1731694514.0918336,16,16,242,241,78.0,-1.0,30.0
1731694514.1240704,16,16,241,242,79.0,-2.0,30.0
1731694514.1594825,18,17,241,241,79.0,-1.0,15.0
1731694514.191068,16,16,240,241,80.0,-1.0,30.0
1731694514.2234094,18,16,239,241,81.0,-1.0,15.0
1731694514.259491,18,15,239,240,81.0,0.0,15.0
1731694514.2918215,16,15,238,240,82.0,0.0,30.0
1731694514.3234386,17,16,238,240,82.0,0.0,22.5
1731694514.358627,17,16,237,241,83.0,-1.0,22.5
1731694514.392756,16,15,236,240,84.0,0.0,30.0
1731694514.4235492,18,16,237,241,83.0,-1.0,15.0
1731694514.458636,18,16,237,242,83.0,-2.0,15.0
1731694514.4915178,15,14,235,243,85.0,-3.0,37.5
1731694514.524551,17,17,236,243,84.0,-3.0,22.5
1731694514.5588872,15,15,235,243,85.0,-3.0,37.5
1731694514.593723,16,15,236,245,84.0,-5.0,30.0
1731694514.628156,16,15,236,245,84.0,-5.0,30.0
1731694514.6597154,16,15,236,247,84.0,-7.0,30.0
1731694514.692226,16,14,236,247,84.0,-7.0,30.0
1731694514.7241228,16,15,236,247,84.0,-7.0,30.0
1731694514.7586863,16,15,236,248,84.0,-8.0,30.0
1731694514.7933238,16,15,238,248,82.0,-8.0,30.0
1731694514.8248515,16,15,238,248,82.0,-8.0,30.0
1731694514.8597932,16,15,238,248,82.0,-8.0,30.0
1731694514.8921,16,15,238,249,82.0,-9.0,30.0
1731694514.9240775,15,16,239,250,81.0,-10.0,37.5
1731694514.9594166,16,16,240,251,80.0,-11.0,30.0
1731694514.9922082,16,14,240,251,80.0,-11.0,30.0
1731694515.023118,16,16,240,252,80.0,-12.0,30.0
1731694515.0602214,16,14,241,252,79.0,-12.0,30.0
1731694515.092122,16,15,242,252,78.0,-12.0,30.0
1731694515.1228755,16,15,242,252,78.0,-12.0,30.0
1731694515.1601722,16,14,242,253,78.0,-13.0,30.0
1731694515.1947184,16,13,243,251,77.0,-11.0,30.0
1731694515.2228944,15,15,242,251,78.0,-11.0,37.5
1731694515.259899,16,14,244,250,76.0,-10.0,30.0
1731694515.2925744,14,12,243,250,77.0,-10.0,45.0
1731694515.323585,16,14,244,250,76.0,-10.0,30.0
1731694515.3607798,15,14,243,250,77.0,-10.0,37.5
1731694515.3926132,16,15,244,250,76.0,-10.0,30.0
1731694515.4235933,16,14,244,251,76.0,-11.0,30.0
1731694515.4602263,16,16,244,251,76.0,-11.0,30.0
1731694515.4915192,16,14,244,252,76.0,-12.0,30.0
1731694515.5229359,16,15,244,251,76.0,-11.0,30.0
1731694515.5600379,16,14,244,251,76.0,-11.0,30.0
1731694515.5928369,16,15,245,250,75.0,-10.0,30.0
1731694515.629788,16,16,244,250,76.0,-10.0,30.0
1731694515.6614995,16,16,244,248,76.0,-8.0,30.0
1731694515.691312,16,17,244,247,76.0,-7.0,30.0
1731694515.7244573,18,16,243,247,77.0,-7.0,15.0
1731694515.7609758,17,15,242,248,78.0,-8.0,22.5
1731694515.793188,16,14,242,249,78.0,-9.0,30.0
1731694515.8246446,17,17,242,249,78.0,-9.0,22.5
1731694515.8599403,18,16,243,250,77.0,-10.0,15.0
1731694515.8951967,15,15,240,251,80.0,-11.0,37.5
1731694515.924829,18,16,241,251,79.0,-11.0,15.0
1731694515.9606116,18,15,241,251,79.0,-11.0,15.0
1731694515.9942307,16,15,240,251,80.0,-11.0,30.0
1731694516.024357,16,16,240,252,80.0,-12.0,30.0
1731694516.0595624,16,15,238,252,82.0,-12.0,30.0
1731694516.093136,16,15,238,251,82.0,-11.0,30.0
1731694516.1281884,18,16,239,251,81.0,-11.0,15.0
1731694516.1604877,18,15,239,250,81.0,-10.0,15.0
1731694516.1915443,16,16,238,251,82.0,-11.0,30.0
1731694516.223343,16,14,238,251,82.0,-11.0,30.0
1731694516.2612064,16,14,238,251,82.0,-11.0,30.0
1731694516.2932825,14,15,237,250,83.0,-10.0,45.0
1731694516.3254833,17,16,236,251,84.0,-11.0,22.5
1731694516.3588076,16,16,236,252,84.0,-12.0,30.0
1731694516.3923235,16,15,236,252,84.0,-12.0,30.0
1731694516.4234805,16,14,236,253,84.0,-13.0,30.0
1731694516.45917,16,16,236,253,84.0,-13.0,30.0
1731694516.4917057,16,14,236,253,84.0,-13.0,30.0
1731694516.524343,16,15,236,253,84.0,-13.0,30.0
1731694516.5593302,16,15,236,253,84.0,-13.0,30.0
1731694516.5913675,16,15,236,254,84.0,-14.0,30.0
1731694516.6251993,14,14,237,255,83.0,-15.0,45.0
1731694516.6621258,16,14,236,255,84.0,-15.0,30.0
1731694516.6989083,16,15,236,254,84.0,-14.0,30.0
1731694516.7265186,14,14,235,255,85.0,-15.0,45.0
1731694516.7588208,10,8,237,255,83.0,-15.0,75.0
1731694516.7918446,10,9,237,255,83.0,-15.0,75.0
1731694516.8239512,10,11,237,256,83.0,-16.0,75.0
1731694516.8594418,11,11,236,255,84.0,-15.0,67.5
1731694516.8916836,10,9,237,254,83.0,-14.0,75.0
1731694516.9238913,13,12,236,254,84.0,-14.0,52.5
1731694516.962728,14,12,237,253,83.0,-13.0,45.0
1731694516.992483,16,15,238,251,82.0,-11.0,30.0
1731694517.0243435,15,12,237,251,83.0,-11.0,37.5
1731694517.0599964,14,12,237,250,83.0,-10.0,45.0
1731694517.0918918,15,15,237,249,83.0,-9.0,37.5
1731694517.1229355,16,14,238,249,82.0,-9.0,30.0
1731694517.1633365,16,14,238,248,82.0,-8.0,30.0
1731694517.1944935,15,15,238,248,82.0,-8.0,37.5
1731694517.2233703,14,13,239,249,81.0,-9.0,45.0
1731694517.259642,14,13,239,248,81.0,-8.0,45.0
1731694517.2910316,14,13,239,249,81.0,-9.0,45.0
1731694517.3247051,14,14,239,249,81.0,-9.0,45.0
1731694517.3595645,16,14,240,249,80.0,-9.0,30.0
1731694517.3920321,14,14,241,248,79.0,-8.0,45.0
1731694517.4232655,14,15,241,246,79.0,-6.0,45.0
1731694517.4610891,15,15,242,246,78.0,-6.0,37.5
1731694517.4943042,16,13,242,246,78.0,-6.0,30.0
1731694517.527459,15,13,242,246,78.0,-6.0,37.5
1731694517.5644658,16,15,244,247,76.0,-7.0,30.0
1731694517.5934086,16,16,244,247,76.0,-7.0,30.0
1731694517.6240423,15,15,245,246,75.0,-6.0,37.5
1731694517.6601443,14,14,245,247,75.0,-7.0,45.0
1731694517.6913586,16,15,246,246,74.0,-6.0,30.0
1731694517.729963,15,15,246,245,74.0,-5.0,37.5
1731694517.7622933,17,15,247,245,73.0,-5.0,22.5
1731694517.801012,16,15,248,246,72.0,-6.0,30.0
1731694517.8312683,17,16,248,247,72.0,-7.0,22.5
1731694517.8615954,16,15,250,248,70.0,-8.0,30.0
1731694517.8923652,16,15,250,248,70.0,-8.0,30.0
1731694517.9237971,17,15,250,248,70.0,-8.0,22.5
1731694517.9595227,16,16,252,248,68.0,-8.0,30.0
1731694517.9917824,16,16,252,248,68.0,-8.0,30.0
1731694518.0242462,18,15,253,247,67.0,-7.0,15.0
1731694518.0597816,17,15,253,247,67.0,-7.0,22.5
1731694518.0911508,16,16,254,247,66.0,-7.0,30.0
1731694518.1248643,18,16,255,247,65.0,-7.0,15.0
1731694518.1598938,16,14,256,247,64.0,-7.0,30.0
1731694518.1921277,16,15,256,245,64.0,-5.0,30.0
1731694518.2236898,16,15,257,245,63.0,-5.0,30.0
1731694518.2606907,16,16,258,244,62.0,-4.0,30.0
1731694518.2913682,16,16,259,243,61.0,-3.0,30.0
1731694518.3244696,16,17,260,242,60.0,-2.0,30.0
1731694518.3606362,16,15,260,241,60.0,-1.0,30.0
1731694518.3919475,16,16,261,241,59.0,-1.0,30.0
1731694518.4239726,14,15,261,240,59.0,0.0,45.0
1731694518.4595914,14,12,263,240,57.0,0.0,45.0
1731694518.4922793,14,14,263,239,57.0,1.0,45.0
1731694518.5246232,16,15,264,237,56.0,3.0,30.0
1731694518.559153,15,14,265,236,55.0,4.0,37.5
1731694518.5915086,16,15,266,235,54.0,5.0,30.0
1731694518.6238906,17,15,266,234,54.0,6.0,22.5
1731694518.660743,16,16,268,234,52.0,6.0,30.0
1731694518.6950212,16,16,268,233,52.0,7.0,30.0
1731694518.726945,16,15,270,231,50.0,9.0,30.0
1731694518.7636096,16,16,270,231,50.0,9.0,30.0
1731694518.794977,16,16,271,231,49.0,9.0,30.0
1731694518.8239522,16,15,272,230,48.0,10.0,30.0
1731694518.8642218,14,15,273,229,47.0,11.0,45.0
1731694518.8961096,14,14,273,229,47.0,11.0,45.0
1731694518.9261835,16,14,274,228,46.0,12.0,30.0
1731694518.9598062,15,16,274,228,46.0,12.0,37.5
1731694518.9926083,15,15,275,227,45.0,13.0,37.5
1731694519.0255983,16,16,277,228,43.0,12.0,30.0
1731694519.0643525,16,16,278,228,42.0,12.0,30.0
1731694519.093652,16,14,278,228,42.0,12.0,30.0
1731694519.1246638,14,13,279,227,41.0,13.0,45.0
1731694519.1605356,16,15,280,228,40.0,12.0,30.0
1731694519.1920118,16,16,280,228,40.0,12.0,30.0
1731694519.2237782,15,16,281,228,39.0,12.0,37.5
1731694519.259701,16,16,282,228,38.0,12.0,30.0
1731694519.292987,16,15,283,229,37.0,11.0,30.0
1731694519.3272543,16,14,284,230,36.0,10.0,30.0
1731694519.3596108,15,15,285,230,35.0,10.0,37.5
1731694519.3934493,16,15,286,229,34.0,11.0,30.0
1731694519.424225,14,15,287,228,33.0,12.0,45.0
1731694519.4601707,16,15,288,228,32.0,12.0,30.0
1731694519.4914913,18,16,289,229,31.0,11.0,15.0
1731694519.5231593,16,16,290,229,30.0,11.0,30.0
1731694519.5594034,15,14,290,228,30.0,12.0,37.5
1731694519.5927298,14,14,291,227,29.0,13.0,45.0
1731694519.6232295,15,14,292,226,28.0,14.0,37.5
1731694519.6612556,14,15,293,225,27.0,15.0,45.0
1731694519.6912234,13,13,293,224,27.0,16.0,52.5
1731694519.7248502,14,14,295,223,25.0,17.0,45.0
1731694519.7602353,15,16,294,223,26.0,17.0,37.5
1731694519.792641,14,16,295,223,25.0,17.0,45.0
1731694519.8233585,16,16,296,222,24.0,18.0,30.0
1731694519.8611844,17,17,296,222,24.0,18.0,22.5
1731694519.8915226,18,18,297,223,23.0,17.0,15.0
1731694519.9263132,16,16,298,223,22.0,17.0,30.0
1731694519.9642649,15,15,298,222,22.0,18.0,37.5
1731694519.9942837,13,13,298,222,22.0,18.0,52.5
1731694520.0231981,14,14,299,221,21.0,19.0,45.0
1731694520.0611608,14,15,299,220,21.0,20.0,45.0
1731694520.0923917,14,15,299,220,21.0,20.0,45.0
1731694520.1242437,16,16,299,220,21.0,20.0,30.0
1731694520.1596103,17,17,298,221,22.0,19.0,22.5
1731694520.1922336,17,17,298,223,22.0,17.0,22.5
1731694520.2238367,16,15,299,224,21.0,16.0,30.0
1731694520.2612917,15,16,298,225,22.0,15.0,37.5
1731694520.2934299,18,18,299,227,21.0,13.0,15.0
1731694520.3245697,16,16,298,227,22.0,13.0,30.0
1731694520.3600795,17,17,297,228,23.0,12.0,22.5
1731694520.3938642,18,17,297,228,23.0,12.0,15.0
1731694520.424729,18,17,297,229,23.0,11.0,15.0
1731694520.4593303,17,16,295,231,25.0,9.0,22.5
1731694520.4928837,18,16,295,231,25.0,9.0,15.0
1731694520.5244522,15,16,294,232,26.0,8.0,37.5
1731694520.5596714,16,15,294,233,26.0,7.0,30.0
1731694520.5913167,16,16,294,234,26.0,6.0,30.0
1731694520.6229517,18,16,293,235,27.0,5.0,15.0
1731694520.6607523,16,16,292,235,28.0,5.0,30.0
1731694520.6922796,16,15,292,235,28.0,5.0,30.0
1731694520.7230024,16,16,292,236,28.0,4.0,30.0
1731694520.760693,18,17,291,236,29.0,4.0,15.0
1731694520.7935436,17,17,290,237,30.0,3.0,22.5
1731694520.8236349,16,16,290,238,30.0,2.0,30.0
1731694520.861912,18,17,291,238,29.0,2.0,15.0
1731694520.8941662,16,15,290,239,30.0,1.0,30.0
1731694520.9327004,16,17,290,240,30.0,0.0,30.0
1731694520.963826,18,16,289,241,31.0,-1.0,15.0
1731694520.9927583,17,17,289,241,31.0,-1.0,22.5
1731694521.025576,16,17,290,242,30.0,-2.0,30.0
1731694521.0604436,17,16,289,245,31.0,-5.0,22.5
1731694521.091361,16,15,290,245,30.0,-5.0,30.0
1731694521.1248076,16,14,290,247,30.0,-7.0,30.0
1731694521.1609967,16,15,290,247,30.0,-7.0,30.0
1731694521.1951468,18,15,291,247,29.0,-7.0,15.0
1731694521.2245944,18,16,291,248,29.0,-8.0,15.0
1731694521.2597136,16,17,292,249,28.0,-9.0,30.0
1731694521.2963085,16,16,292,250,28.0,-10.0,30.0
1731694521.3259912,17,16,292,250,28.0,-10.0,22.5
1731694521.360669,16,15,293,250,27.0,-10.0,30.0
1731694521.39293,17,16,293,250,27.0,-10.0,22.5
1731694521.4230418,16,15,294,250,26.0,-10.0,30.0
1731694521.4603326,16,16,294,251,26.0,-11.0,30.0
1731694521.492365,18,17,295,252,25.0,-12.0,15.0
1731694521.5230722,18,15,295,252,25.0,-12.0,15.0
1731694521.559608,17,16,295,253,25.0,-13.0,22.5
1731694521.5962734,16,16,296,253,24.0,-13.0,30.0
1731694521.6266315,17,16,296,253,24.0,-13.0,22.5
1731694521.6665792,17,14,297,252,23.0,-12.0,22.5
1731694521.691235,16,15,298,252,22.0,-12.0,30.0
1731694521.724502,14,15,299,251,21.0,-11.0,45.0
1731694521.7602599,16,15,298,252,22.0,-12.0,30.0
1731694521.7913413,16,15,300,252,20.0,-12.0,30.0
1731694521.8240051,16,16,300,252,20.0,-12.0,30.0
1731694521.8622754,18,17,301,252,19.0,-12.0,15.0
1731694521.8920865,17,15,300,252,20.0,-12.0,22.5
1731694521.923453,18,16,301,252,19.0,-12.0,15.0
1731694521.9601874,17,16,301,251,19.0,-11.0,22.5
1731694521.9944477,16,16,302,251,18.0,-11.0,30.0
1731694522.0282538,16,16,302,250,18.0,-10.0,30.0
1731694522.0604415,16,16,302,250,18.0,-10.0,30.0
1731694522.0933137,18,16,303,251,17.0,-11.0,15.0
1731694522.1271741,16,17,302,250,18.0,-10.0,30.0
1731694522.165755,18,16,303,251,17.0,-11.0,15.0
1731694522.1937308,15,16,303,251,17.0,-11.0,37.5
1731694522.2254825,16,17,304,251,16.0,-11.0,30.0
1731694522.2618785,14,13,303,250,17.0,-10.0,45.0
1731694522.291212,16,14,304,250,16.0,-10.0,30.0
1731694522.3248792,16,16,304,249,16.0,-9.0,30.0
1731694522.3613267,17,17,302,248,18.0,-8.0,22.5
1731694522.3919933,17,17,302,248,18.0,-8.0,22.5
1731694522.4253576,17,17,302,248,18.0,-8.0,22.5
1731694522.4610307,16,17,302,247,18.0,-7.0,30.0
1731694522.4924366,16,17,302,247,18.0,-7.0,30.0
1731694522.5296936,15,16,302,247,18.0,-7.0,37.5
1731694522.5599494,15,16,302,247,18.0,-7.0,37.5
1731694522.5923948,14,15,303,246,17.0,-6.0,45.0
1731694522.624209,17,16,302,246,18.0,-6.0,22.5
1731694522.6605132,16,16,302,245,18.0,-5.0,30.0
1731694522.693147,17,17,303,245,17.0,-5.0,22.5
1731694522.725116,15,15,303,244,17.0,-4.0,37.5
1731694522.761064,16,15,304,244,16.0,-4.0,30.0
1731694522.793874,16,15,304,243,16.0,-3.0,30.0
1731694522.8242564,17,16,304,243,16.0,-3.0,22.5
1731694522.8608067,18,16,305,242,15.0,-2.0,15.0
1731694522.894128,16,16,306,241,14.0,-1.0,30.0
1731694522.9261045,16,16,306,240,14.0,0.0,30.0
1731694522.961323,16,16,306,239,14.0,1.0,30.0
1731694522.991862,16,16,306,239,14.0,1.0,30.0
1731694523.024039,17,16,307,240,13.0,0.0,22.5
1731694523.0653267,16,16,308,240,12.0,0.0,30.0
1731694523.0931275,16,16,308,241,12.0,-1.0,30.0
1731694523.126035,17,17,308,241,12.0,-1.0,22.5
1731694523.159648,16,16,308,241,12.0,-1.0,30.0
1731694523.193276,16,16,310,241,10.0,-1.0,30.0
1731694523.2238784,16,18,310,241,10.0,-1.0,30.0
1731694523.2621543,15,15,310,239,10.0,1.0,37.5
1731694523.2934234,17,16,310,238,10.0,2.0,22.5
1731694523.3249876,16,16,312,236,8.0,4.0,30.0
1731694523.3614461,15,16,311,234,9.0,6.0,37.5
1731694523.393307,16,16,312,234,8.0,6.0,30.0
1731694523.4248743,16,17,312,233,8.0,7.0,30.0
1731694523.4614286,16,16,312,233,8.0,7.0,30.0
1731694523.4920316,16,15,312,233,8.0,7.0,30.0
1731694523.5244768,16,16,312,233,8.0,7.0,30.0
1731694523.5605993,15,16,312,233,8.0,7.0,37.5
1731694523.5938604,16,16,313,234,7.0,6.0,30.0
1731694523.6258247,15,16,313,233,7.0,7.0,37.5
1731694523.6608448,14,17,313,233,7.0,7.0,45.0
1731694523.691565,14,16,313,234,7.0,6.0,45.0
1731694523.724687,10,12,313,234,7.0,6.0,75.0
1731694523.7631752,12,11,314,233,6.0,7.0,60.0
1731694523.7930555,16,15,314,232,6.0,8.0,30.0
1731694523.825846,15,16,314,233,6.0,7.0,37.5
1731694523.861376,16,16,314,232,6.0,8.0,30.0
1731694523.8954334,14,16,315,232,5.0,8.0,45.0
1731694523.9238784,14,15,315,231,5.0,9.0,45.0
1731694523.9611404,16,16,316,231,4.0,9.0,30.0
1731694523.997307,14,16,317,230,3.0,10.0,45.0
1731694524.0249386,14,14,317,230,3.0,10.0,45.0
1731694524.0609372,16,16,318,228,2.0,12.0,30.0
1731694524.0954921,16,16,318,227,2.0,13.0,30.0
1731694524.1278877,14,14,319,227,1.0,13.0,45.0
1731694524.1628127,12,13,320,226,0.0,14.0,60.0
1731694524.195255,15,16,320,227,0.0,13.0,37.5
1731694524.2251468,16,16,322,228,-2.0,12.0,30.0
1731694524.2611086,16,16,322,228,-2.0,12.0,30.0
1731694524.2912638,14,16,323,228,-3.0,12.0,45.0
1731694524.3247004,16,17,324,227,-4.0,13.0,30.0
1731694524.3606372,16,16,324,227,-4.0,13.0,30.0
1731694524.3940828,18,18,325,226,-5.0,14.0,15.0
1731694524.4240081,16,16,326,226,-6.0,14.0,30.0
1731694524.46016,16,16,326,226,-6.0,14.0,30.0
1731694524.4913566,16,16,328,225,-8.0,15.0,30.0
1731694524.5252438,16,16,328,225,-8.0,15.0,30.0
1731694524.560141,16,16,330,225,-10.0,15.0,30.0
1731694524.592782,16,16,330,224,-10.0,16.0,30.0
1731694524.6242929,14,16,331,225,-11.0,15.0,45.0
1731694524.6604903,16,17,332,225,-12.0,15.0,30.0
1731694524.6917813,18,17,333,227,-13.0,13.0,15.0
1731694524.7237825,18,16,335,228,-15.0,12.0,15.0
1731694524.7595773,17,17,335,228,-15.0,12.0,22.5
1731694524.7959652,17,15,337,228,-17.0,12.0,22.5
1731694524.824529,17,17,338,228,-18.0,12.0,22.5
1731694524.8610153,17,16,339,228,-19.0,12.0,22.5
1731694524.8927028,17,17,340,226,-20.0,14.0,22.5
1731694524.9259725,18,17,341,225,-21.0,15.0,15.0
1731694524.9609938,16,17,342,226,-22.0,14.0,30.0
1731694524.9984539,18,17,343,227,-23.0,13.0,15.0
1731694525.0243158,16,16,344,228,-24.0,12.0,30.0
1731694525.065688,17,15,345,229,-25.0,11.0,22.5
1731694525.0984137,17,17,345,229,-25.0,11.0,22.5
1731694525.124969,16,16,346,230,-26.0,10.0,30.0
1731694525.159757,18,18,347,230,-27.0,10.0,15.0
1731694525.1942086,16,16,348,231,-28.0,9.0,30.0
1731694525.223205,16,16,348,233,-28.0,7.0,30.0
1731694525.2597673,16,16,348,234,-28.0,6.0,30.0
1731694525.2917063,18,16,349,234,-29.0,6.0,15.0
1731694525.3239975,15,16,348,234,-28.0,6.0,37.5
1731694525.3606284,18,17,349,233,-29.0,7.0,15.0
1731694525.392768,17,15,349,233,-29.0,7.0,22.5
1731694525.4235237,16,14,350,234,-30.0,6.0,30.0
1731694525.460198,16,14,349,235,-29.0,5.0,30.0
1731694525.4914594,17,16,349,236,-29.0,4.0,22.5
1731694525.5234678,17,16,348,236,-28.0,4.0,22.5
1731694525.5601375,16,17,348,235,-28.0,5.0,30.0
1731694525.5938056,16,15,348,235,-28.0,5.0,30.0
1731694525.6237333,16,15,348,234,-28.0,6.0,30.0
1731694525.660794,17,17,347,234,-27.0,6.0,22.5
1731694525.6922581,18,18,347,236,-27.0,4.0,15.0
1731694525.724874,18,16,347,237,-27.0,3.0,15.0
1731694525.7604604,17,16,346,238,-26.0,2.0,22.5
1731694525.793338,16,17,346,238,-26.0,2.0,30.0
1731694525.8232489,17,17,345,239,-25.0,1.0,22.5
1731694525.8618674,18,16,345,240,-25.0,0.0,15.0
1731694525.8930347,16,16,344,240,-24.0,0.0,30.0
1731694525.923229,18,17,343,239,-23.0,1.0,15.0
1731694525.9600143,16,16,342,240,-22.0,0.0,30.0
1731694525.996609,16,15,342,240,-22.0,0.0,30.0
1731694526.0237453,16,16,340,240,-20.0,0.0,30.0
1731694526.063321,15,16,339,240,-19.0,0.0,37.5
1731694526.0961447,14,15,339,240,-19.0,0.0,45.0
1731694526.1302352,16,16,338,240,-18.0,0.0,30.0
1731694526.1622634,14,16,337,240,-17.0,0.0,45.0
1731694526.1929922,16,15,336,239,-16.0,1.0,30.0
1731694526.2255554,16,15,336,240,-16.0,0.0,30.0
1731694526.2603378,16,15,334,241,-14.0,-1.0,30.0
1731694526.2926147,15,15,333,241,-13.0,-1.0,37.5
1731694526.324641,14,15,333,241,-13.0,-1.0,45.0
1731694526.3598533,15,16,331,243,-11.0,-3.0,37.5
1731694526.3965745,14,14,331,243,-11.0,-3.0,45.0
1731694526.424111,13,14,330,244,-10.0,-4.0,52.5
1731694526.4601738,15,15,329,244,-9.0,-4.0,37.5
1731694526.4925208,16,15,328,244,-8.0,-4.0,30.0
1731694526.5254571,15,16,327,245,-7.0,-5.0,37.5
1731694526.559584,14,16,327,244,-7.0,-4.0,45.0
1731694526.5920813,16,16,326,243,-6.0,-3.0,30.0
1731694526.6235785,15,15,325,241,-5.0,-1.0,37.5
1731694526.6622577,14,15,325,240,-5.0,0.0,45.0
1731694526.6929574,16,16,324,241,-4.0,-1.0,30.0
1731694526.724546,14,17,325,240,-5.0,0.0,45.0
1731694526.7614098,16,16,324,241,-4.0,-1.0,30.0
1731694526.7946148,16,16,324,241,-4.0,-1.0,30.0
1731694526.8254886,15,16,323,242,-3.0,-2.0,37.5
1731694526.8606038,14,15,323,240,-3.0,0.0,45.0
1731694526.8912973,14,15,323,239,-3.0,1.0,45.0
1731694526.9260926,14,16,323,239,-3.0,1.0,45.0
1731694526.9596272,14,15,323,239,-3.0,1.0,45.0
1731694526.9913728,14,16,323,240,-3.0,0.0,45.0
1731694527.0245812,15,16,323,241,-3.0,-1.0,37.5
1731694527.0608127,16,16,324,241,-4.0,-1.0,30.0
1731694527.0936553,15,15,324,240,-4.0,0.0,37.5
1731694527.1293223,14,16,325,241,-5.0,-1.0,45.0
1731694527.1621413,14,15,325,240,-5.0,0.0,45.0
1731694527.1944163,15,15,325,240,-5.0,0.0,37.5
1731694527.2240434,16,15,326,240,-6.0,0.0,30.0
1731694527.2594154,13,12,326,240,-6.0,0.0,52.5
1731694527.292106,11,14,326,241,-6.0,-1.0,67.5
1731694527.3239195,11,9,327,240,-7.0,0.0,67.5
1731694527.3606153,12,10,328,241,-8.0,-1.0,60.0
1731694527.391566,14,16,327,241,-7.0,-1.0,45.0
1731694527.42446,16,16,328,240,-8.0,0.0,30.0
1731694527.4611745,14,16,329,241,-9.0,-1.0,45.0
1731694527.4918249,14,15,327,240,-7.0,0.0,45.0
1731694527.5243435,13,14,328,241,-8.0,-1.0,52.5
1731694527.5599136,16,15,328,240,-8.0,0.0,30.0
1731694527.5923195,13,15,328,240,-8.0,0.0,52.5
1731694527.624688,16,15,328,239,-8.0,1.0,30.0
1731694527.661416,15,16,328,238,-8.0,2.0,37.5
1731694527.6920671,13,14,328,238,-8.0,2.0,52.5
1731694527.7268207,16,16,328,238,-8.0,2.0,30.0
1731694527.7613933,16,17,328,238,-8.0,2.0,30.0
1731694527.7947526,16,16,328,239,-8.0,1.0,30.0
1731694527.824766,14,16,327,238,-7.0,2.0,45.0
1731694527.8627353,14,15,327,238,-7.0,2.0,45.0
1731694527.8930237,14,15,327,239,-7.0,1.0,45.0
1731694527.9263868,14,15,327,240,-7.0,0.0,45.0
1731694527.9599316,14,16,327,241,-7.0,-1.0,45.0
1731694527.9974046,16,17,326,240,-6.0,0.0,30.0
1731694528.0256007,15,16,326,242,-6.0,-2.0,37.5
1731694528.0612693,14,15,326,242,-6.0,-2.0,45.0
1731694528.0962608,16,17,326,244,-6.0,-4.0,30.0
1731694528.1272929,14,15,325,243,-5.0,-3.0,45.0
1731694528.163347,15,16,324,243,-4.0,-3.0,37.5
1731694528.193765,16,16,324,243,-4.0,-3.0,30.0
1731694528.2246842,17,17,323,242,-3.0,-2.0,22.5
1731694528.2629285,17,15,323,242,-3.0,-2.0,22.5
1731694528.2922957,15,16,322,242,-2.0,-2.0,37.5
1731694528.3247714,16,16,322,242,-2.0,-2.0,30.0
1731694528.3613846,16,16,322,241,-2.0,-1.0,30.0
1731694528.3986719,18,18,321,240,-1.0,0.0,15.0
1731694528.425055,14,16,321,239,-1.0,1.0,45.0
1731694528.4617891,16,17,320,238,0.0,2.0,30.0
1731694528.4924223,16,16,320,239,0.0,1.0,30.0
1731694528.5256147,15,16,318,238,2.0,2.0,37.5
1731694528.5617168,15,15,318,237,2.0,3.0,37.5
1731694528.5980346,16,15,318,236,2.0,4.0,30.0
1731694528.6289866,15,16,317,236,3.0,4.0,37.5
1731694528.6665788,16,15,318,235,2.0,5.0,30.0
1731694528.7083035,14,16,317,235,3.0,5.0,45.0
1731694528.7334278,14,16,317,235,3.0,5.0,45.0
1731694528.760522,13,14,316,234,4.0,6.0,52.5
1731694528.800327,15,15,316,233,4.0,7.0,37.5
1731694528.8240395,15,15,315,232,5.0,8.0,37.5
